{
  "extensions": [
    {
      "name": "Startup",
      "typeName": "Microsoft.Azure.WebJobs.Extensions.FunctionMetadataLoader.Startup, Microsoft.Azure.WebJobs.Extensions.FunctionMetadataLoader, Version=1.0.0.0, Culture=neutral, PublicKeyToken=551316b6919f366c",
      "hintPath": "./.azurefunctions/Microsoft.Azure.WebJobs.Extensions.FunctionMetadataLoader.dll"
    },
    {
      "name": "AzureStorage",
      "typeName": "Microsoft.Azure.WebJobs.Extensions.Storage.AzureStorageWebJobsStartup, Microsoft.Azure.WebJobs.Extensions.Storage, Version=4.0.4.0, Culture=neutral, PublicKeyToken=31bf3856ad364e35",
      "hintPath": "./.azurefunctions/Microsoft.Azure.WebJobs.Extensions.Storage.dll"
    }
  ]
}